1p1,pi,pni
98.77761412877862,48.87622304553813,61.58631114983643
62.604745436433035,82.82455104959732,96.68646476809951
35.93705654952833,77.35775819936303,91.22430970404464
